id,set,question_type,difficulty,gold,human_n,human_answers,human_correct_n,human_agree,model_images,trace_labels
237,A,Attribute (Appr.),easy,B,1,R1:B,1,False,B,
633,B,Attribute (Appr.),easy,D,0,,0,False,D,
315,A,Attribute (Appr.),medium,A,0,,0,False,D,
20,B,Attribute (Appr.),medium,A,0,,0,False,D,
486,A,Attribute (Appr.),hard,D,0,,0,False,B,
112,B,Attribute (Appr.),hard,D,0,,0,False,A,
875,A,Attribute (Meas.),easy,B,0,,0,False,B,
389,B,Attribute (Meas.),easy,C,0,,0,False,C,
876,A,Attribute (Meas.),medium,D,0,,0,False,D,
207,B,Attribute (Meas.),medium,B,0,,0,False,B,
957,A,Attribute (Meas.),hard,D,0,,0,False,B,
716,B,Attribute (Meas.),hard,C,0,,0,False,A,
980,A,MSR,easy,B,0,,0,False,B,
767,B,MSR,easy,B,0,,0,False,D,
894,A,MSR,medium,A,0,,0,False,D,
819,B,MSR,medium,C,0,,0,False,A,
768,A,MSR,hard,A,0,,0,False,A,
636,B,MSR,hard,A,0,,0,False,A,
243,A,Motion (Cam.),easy,A,0,,0,False,A,
212,B,Motion (Cam.),easy,B,0,,0,False,A,
545,A,Motion (Cam.),medium,A,0,,0,False,D,
1,B,Motion (Cam.),medium,B,0,,0,False,A,
169,A,Motion (Cam.),hard,C,0,,0,False,C,
546,B,Motion (Cam.),hard,C,0,,0,False,D,
549,A,Motion (Obj.),easy,B,0,,0,False,A,
992,B,Motion (Obj.),easy,B,0,,0,False,B,
488,A,Motion (Obj.),medium,A,0,,0,False,A,
285,B,Motion (Obj.),medium,A,0,,0,False,D,
991,A,Motion (Obj.),hard,A,0,,0,False,D,
559,B,Motion (Obj.),hard,A,0,,0,False,D,
494,A,Positional Relationship (Cam.–Cam.),easy,B,0,,0,False,B,
929,B,Positional Relationship (Cam.–Cam.),easy,D,0,,0,False,C,
322,A,Positional Relationship (Cam.–Cam.),medium,C,0,,0,False,D,
98,B,Positional Relationship (Cam.–Cam.),medium,A,0,,0,False,A,
673,A,Positional Relationship (Cam.–Cam.),hard,D,0,,0,False,D,
87,B,Positional Relationship (Cam.–Cam.),hard,D,0,,0,False,C,
202,A,Positional Relationship (Cam.–Obj.),easy,A,0,,0,False,B,
50,B,Positional Relationship (Cam.–Obj.),easy,C,0,,0,False,C,
837,A,Positional Relationship (Cam.–Obj.),medium,C,0,,0,False,D,
41,B,Positional Relationship (Cam.–Obj.),medium,D,0,,0,False,D,
702,A,Positional Relationship (Cam.–Obj.),hard,D,0,,0,False,A,
615,B,Positional Relationship (Cam.–Obj.),hard,D,0,,0,False,D,
391,A,Positional Relationship (Cam.–Reg.),easy,A,0,,0,False,A,
794,B,Positional Relationship (Cam.–Reg.),easy,C,0,,0,False,A,
429,A,Positional Relationship (Cam.–Reg.),medium,D,0,,0,False,A,
930,B,Positional Relationship (Cam.–Reg.),medium,C,0,,0,False,B,
259,A,Positional Relationship (Cam.–Reg.),hard,A,0,,0,False,A,
593,B,Positional Relationship (Cam.–Reg.),hard,A,0,,0,False,D,
842,A,Positional Relationship (Obj.–Obj.),easy,D,0,,0,False,A,
382,B,Positional Relationship (Obj.–Obj.),easy,B,0,,0,False,B,
129,A,Positional Relationship (Obj.–Obj.),medium,C,0,,0,False,A,
579,B,Positional Relationship (Obj.–Obj.),medium,B,0,,0,False,D,
569,A,Positional Relationship (Obj.–Obj.),hard,D,0,,0,False,B,
423,B,Positional Relationship (Obj.–Obj.),hard,B,0,,0,False,C,
870,A,Positional Relationship (Obj.–Reg.),easy,A,0,,0,False,A,
621,B,Positional Relationship (Obj.–Reg.),easy,D,0,,0,False,B,
658,A,Positional Relationship (Obj.–Reg.),medium,D,0,,0,False,C,
157,B,Positional Relationship (Obj.–Reg.),medium,C,0,,0,False,B,
449,A,Positional Relationship (Obj.–Reg.),hard,D,0,,0,False,C,
156,B,Positional Relationship (Obj.–Reg.),hard,B,0,,0,False,D,
740,A,Positional Relationship (Reg.–Reg.),easy,B,0,,0,False,B,
270,B,Positional Relationship (Reg.–Reg.),easy,B,0,,0,False,B,
865,A,Positional Relationship (Reg.–Reg.),medium,C,0,,0,False,C,
735,B,Positional Relationship (Reg.–Reg.),medium,D,0,,0,False,C,
738,A,Positional Relationship (Reg.–Reg.),hard,A,0,,0,False,D,
62,B,Positional Relationship (Reg.–Reg.),hard,D,0,,0,False,A,
