row_0,Pos: Cam-Cam,Pos: Cam-Obj,Pos: Cam-Reg,Pos: Obj-Obj,Pos: Obj-Reg,Pos: Reg-Reg,Attr: Measure,Attr: Appearance,Motion: Cam,Motion: Obj,Multi-step,n,n_categories
direction,4,36,17,2,9,1,0,0,0,0,30,99,7
direction+premise_chain,0,29,42,5,4,4,0,0,1,4,6,95,8
direction+absolute_frame+premise_chain,0,0,0,17,19,32,0,0,0,0,9,77,4
direction+perspective_taking,0,3,0,15,9,21,0,1,0,0,14,63,6
direction+absolute_frame+cross_view_explicit+premise_chain,6,0,4,10,1,5,0,26,0,0,8,60,7
direction+premise_chain+camera_motion,0,1,0,0,0,0,0,0,50,2,4,57,4
direction+cross_view_explicit+premise_chain,14,8,9,4,1,1,0,9,0,0,8,54,8
direction+cross_view_explicit,41,1,5,0,0,0,1,0,0,1,1,50,6
metric+cross_view_explicit,1,0,1,1,0,0,31,0,0,2,2,38,6
metric,0,1,0,6,0,0,29,0,0,0,2,38,4
direction+perspective_taking+premise_chain,0,1,0,9,9,3,0,0,0,0,14,36,5
direction+premise_chain+object_motion,0,0,0,0,0,0,0,0,0,25,4,29,2
direction+absolute_frame,0,0,0,5,9,1,0,0,0,0,9,24,4
(none),0,4,2,0,1,0,0,7,0,2,8,24,6
temporal_order,0,0,0,0,0,0,0,0,0,7,15,22,2
count+cross_view_explicit,0,0,0,0,0,0,0,17,0,0,1,18,2
direction+camera_motion,0,0,0,0,0,0,0,0,17,0,0,17,1
absolute_frame+cross_view_explicit,16,1,0,0,0,0,0,0,0,0,0,17,2
direction+perspective_taking+absolute_frame+premise_chain,0,0,0,4,6,3,0,0,0,0,1,14,4
count,0,0,0,0,0,0,2,5,0,1,5,13,4
direction+object_motion,0,0,0,0,0,0,0,0,0,12,0,12,1
direction+perspective_taking+absolute_frame,0,0,0,3,3,3,0,0,0,0,1,10,4
absolute_frame,0,0,0,1,6,1,0,0,0,0,1,9,4
direction+perspective_taking+absolute_frame+cross_view_explicit+premise_chain,0,0,0,4,0,1,0,0,0,0,3,8,3
direction+perspective_taking+cross_view_explicit+premise_chain,0,0,1,1,1,1,0,0,0,0,4,8,5
absolute_frame+object_motion,0,0,0,0,0,0,0,0,0,6,0,6,1
direction+absolute_frame+premise_chain+statement_check,0,0,0,0,0,0,0,0,0,0,6,6,1
direction+perspective_taking+cross_view_explicit,0,0,0,1,0,3,0,0,0,0,1,5,3
direction+absolute_frame+cross_view_explicit,0,0,0,2,2,0,0,1,0,0,0,5,3
absolute_frame+cross_view_explicit+camera_motion,5,0,0,0,0,0,0,0,0,0,0,5,1
direction+perspective_taking+route,0,0,0,1,3,0,0,0,0,0,1,5,3
direction+perspective_taking+premise_chain+route,0,0,1,0,1,0,0,0,0,0,3,5,3
absolute_frame+cross_view_explicit+object_motion,2,0,0,0,0,0,0,0,0,2,0,4,2
perspective_taking+absolute_frame+cross_view_explicit+premise_chain+statement_check,0,0,0,0,0,0,0,0,0,1,3,4,2
count+object_motion,0,0,0,0,0,0,0,0,0,3,0,3,1
direction+premise_chain+route,0,1,0,0,0,0,0,0,0,1,1,3,3
perspective_taking+absolute_frame+premise_chain+statement_check,0,0,0,0,0,0,0,0,0,0,3,3,1
direction+cross_view_explicit+premise_chain+route,1,0,1,0,0,0,0,0,1,0,0,3,3
direction+absolute_frame+cross_view_explicit+premise_chain+statement_check,0,0,0,0,0,0,0,0,0,0,3,3,1
direction+perspective_taking+absolute_frame+cross_view_explicit,0,0,0,2,0,0,0,0,0,0,0,2,1
perspective_taking+premise_chain+statement_check,0,0,0,0,0,0,0,0,0,0,2,2,1
direction+cross_view_explicit+camera_motion,0,0,0,0,0,0,0,0,2,0,0,2,1
perspective_taking+absolute_frame+premise_chain+object_motion+statement_check,0,0,0,0,0,0,0,0,0,0,2,2,1
direction+premise_chain+object_motion+route,0,0,0,0,0,0,0,0,0,0,2,2,1
direction+premise_chain+camera_motion+route,0,0,0,0,0,0,0,0,0,0,2,2,1
direction+absolute_frame+premise_chain+object_motion,0,0,0,0,0,0,0,0,0,2,0,2,1
cross_view_explicit,1,0,0,0,0,0,0,0,0,0,1,2,2
direction+cross_view_explicit+premise_chain+camera_motion+route,0,0,0,0,0,0,0,0,2,0,0,2,1
absolute_frame+temporal_order,0,0,0,0,0,0,0,0,0,1,1,2,2
perspective_taking+absolute_frame+statement_check,0,0,0,0,0,1,0,0,0,0,1,2,2
perspective_taking,0,0,0,1,0,0,0,0,0,0,1,2,2
direction+perspective_taking+absolute_frame+premise_chain+statement_check,0,0,0,0,0,0,0,0,0,0,2,2,1
direction+cross_view_explicit+route,2,0,0,0,0,0,0,0,0,0,0,2,1
premise_chain+statement_check,0,0,0,0,0,0,0,0,0,0,1,1,1
perspective_taking+cross_view_explicit,0,0,0,0,0,0,0,0,0,0,1,1,1
statement_check,0,0,0,0,0,0,0,0,0,1,0,1,1
perspective_taking+cross_view_explicit+premise_chain+statement_check,0,0,0,0,0,0,0,0,0,0,1,1,1
perspective_taking+premise_chain+camera_motion+statement_check,0,0,0,0,0,0,0,0,0,0,1,1,1
perspective_taking+absolute_frame+cross_view_explicit+statement_check,0,0,0,0,0,0,0,0,0,0,1,1,1
direction+count+absolute_frame+cross_view_explicit,0,0,0,0,0,0,0,0,0,1,0,1,1
absolute_frame+premise_chain+statement_check,0,0,0,0,0,0,0,0,0,0,1,1,1
cross_view_explicit+premise_chain+camera_motion+statement_check,0,0,0,0,0,0,0,0,0,0,1,1,1
metric+absolute_frame+cross_view_explicit,0,0,0,0,0,0,1,0,0,0,0,1,1
direction+statement_check,0,0,0,0,0,0,0,0,0,0,1,1,1
direction+route,0,0,0,0,1,0,0,0,0,0,0,1,1
direction+perspective_taking+object_motion+route,0,0,0,0,0,0,0,0,0,0,1,1,1
direction+perspective_taking+cross_view_explicit+premise_chain+route,0,0,0,0,0,0,0,0,0,0,1,1,1
cross_view_explicit+premise_chain+statement_check,0,0,0,0,0,0,0,0,0,0,1,1,1
direction+absolute_frame+cross_view_explicit+premise_chain+camera_motion+statement_check,0,0,0,0,0,0,0,0,0,0,1,1,1
direction+object_motion+route,0,0,0,0,0,0,0,0,0,1,0,1,1
direction+cross_view_explicit+premise_chain+object_motion+route,0,0,0,0,0,0,0,0,0,1,0,1,1
direction+cross_view_explicit+camera_motion+route,0,0,0,0,0,0,0,0,1,0,0,1,1
cross_view_explicit+statement_check,0,0,0,0,0,0,0,0,0,0,1,1,1
