category_en,n,space_axis_sign,space_order,space_statement,space_compass,space_angle,space_metric,space_count,space_route,space_ego_direction,space_entity,frame_camera,frame_agent,frame_object_front,frame_compass,frame_axes,frame_object_unspecified,frame_viewer_implicit,frame_none,has_premise,cap_overlap,cap_same_place,img_sequence,img_index,img_ordinal,hedge,abstain_option,op_direction,op_metric,op_count,op_perspective_taking,op_absolute_frame,op_cross_view_explicit,op_premise_chain,op_camera_motion,op_object_motion,op_temporal_order,op_route,op_statement_check,mirror_no_change,mirror_swap_options,mirror_rewrite_stem,mirror_unsafe,reorder_safe,reorder_label_dependent,reorder_unsafe
Pos: Cam-Cam,93,0.161,0.0,0.0,0.065,0.043,0.011,0.0,0.032,0.591,0.097,0.667,0.0,0.0,0.065,0.247,0.0,0.0,0.022,0.484,0.0,0.011,0.194,0.086,0.903,0.097,0.108,0.731,0.011,0.0,0.0,0.312,0.957,0.226,0.054,0.022,0.0,0.032,0.0,0.065,0.57,0.065,0.301,0.011,0.914,0.075
Pos: Cam-Obj,86,0.012,0.0,0.0,0.0,0.07,0.012,0.0,0.012,0.802,0.093,0.942,0.047,0.0,0.0,0.012,0.0,0.0,0.0,0.535,0.012,0.023,0.5,0.36,0.616,0.058,0.093,0.93,0.012,0.0,0.047,0.012,0.116,0.465,0.012,0.0,0.0,0.012,0.0,0.035,0.791,0.14,0.035,0.349,0.151,0.5
Pos: Cam-Reg,83,0.0,0.0,0.0,0.048,0.024,0.012,0.0,0.024,0.819,0.072,0.916,0.024,0.0,0.048,0.0,0.0,0.012,0.0,0.771,0.048,0.024,0.542,0.265,0.747,0.0,0.133,0.964,0.012,0.0,0.024,0.048,0.253,0.699,0.0,0.0,0.0,0.024,0.0,0.012,0.831,0.145,0.012,0.181,0.373,0.446
Pos: Obj-Obj,94,0.0,0.0,0.0,0.436,0.021,0.074,0.0,0.011,0.319,0.138,0.032,0.245,0.053,0.511,0.0,0.064,0.021,0.074,0.702,0.191,0.021,0.191,0.16,0.0,0.011,0.096,0.904,0.074,0.0,0.436,0.511,0.266,0.574,0.0,0.0,0.0,0.011,0.0,0.106,0.287,0.532,0.074,0.798,0.191,0.011
Pos: Obj-Reg,85,0.0,0.0,0.0,0.388,0.0,0.0,0.0,0.059,0.353,0.2,0.094,0.141,0.129,0.541,0.0,0.059,0.024,0.012,0.659,0.035,0.012,0.024,0.129,0.153,0.0,0.094,0.918,0.0,0.0,0.376,0.541,0.059,0.494,0.0,0.0,0.0,0.059,0.0,0.024,0.4,0.576,0.0,0.824,0.141,0.035
Pos: Reg-Reg,81,0.0,0.0,0.012,0.543,0.037,0.0,0.0,0.0,0.383,0.025,0.049,0.333,0.012,0.58,0.0,0.012,0.012,0.0,0.63,0.049,0.037,0.123,0.16,0.012,0.025,0.062,0.975,0.0,0.0,0.444,0.58,0.136,0.617,0.0,0.0,0.0,0.0,0.012,0.0,0.346,0.63,0.025,0.877,0.111,0.012
Attr: Measure,64,0.0,0.0,0.0,0.0,0.0,0.953,0.031,0.0,0.0,0.016,0.0,0.0,0.0,0.0,0.016,0.0,0.016,0.969,0.266,0.0,0.094,0.016,0.484,0.016,0.094,0.172,0.016,0.953,0.031,0.0,0.016,0.516,0.0,0.0,0.0,0.0,0.0,0.0,0.828,0.0,0.125,0.047,0.969,0.031,0.0
Attr: Appearance,66,0.0,0.0,0.0,0.409,0.0,0.0,0.333,0.0,0.136,0.121,0.0,0.015,0.0,0.409,0.0,0.0,0.136,0.439,0.652,0.0,0.061,0.0,0.576,0.0,0.015,0.03,0.561,0.0,0.333,0.015,0.409,0.803,0.53,0.0,0.0,0.0,0.0,0.0,0.303,0.136,0.424,0.136,1.0,0.0,0.0
Motion: Cam,74,0.0,0.0,0.0,0.0,0.0,0.0,0.0,0.054,0.946,0.0,1.0,0.0,0.0,0.0,0.0,0.0,0.0,0.0,0.73,0.0,0.0,0.932,0.122,0.027,0.027,0.054,1.0,0.0,0.0,0.0,0.0,0.081,0.73,0.973,0.0,0.0,0.054,0.0,0.0,0.946,0.027,0.027,0.0,0.027,0.973
Motion: Obj,76,0.105,0.105,0.026,0.0,0.092,0.026,0.053,0.039,0.447,0.105,0.474,0.0,0.0,0.013,0.158,0.0,0.145,0.211,0.789,0.0,0.0,0.737,0.053,0.105,0.066,0.145,0.658,0.026,0.066,0.013,0.171,0.105,0.474,0.026,0.684,0.105,0.039,0.026,0.224,0.237,0.105,0.434,0.026,0.118,0.855
Multi-step,198,0.0,0.081,0.162,0.152,0.02,0.02,0.03,0.056,0.384,0.096,0.273,0.197,0.03,0.278,0.005,0.005,0.025,0.187,0.652,0.005,0.101,0.237,0.237,0.152,0.056,0.04,0.712,0.02,0.03,0.313,0.283,0.217,0.495,0.045,0.045,0.081,0.056,0.162,0.131,0.399,0.318,0.152,0.551,0.187,0.263
