category_en,n_questions,entity_mentions,quantity_mentions,mentions_per_question,type_object,type_region_room,type_region_functional,type_region_generic,type_part,type_camera,mode_attribute,mode_relational,mode_image_anchored,mode_in_image_position,mode_disambiguated,mode_bare,object_in_coco,object_in_lvis,object_in_ade20k,object_in_lvis_or_ade20k
Pos: Cam-Cam,93,87,0.0,0.935,0.184,0.057,0.0,0.0,0.0,0.759,0.0,0.19,0.0,0.0,0.19,0.81,0.188,0.188,0.5,0.5
Pos: Cam-Obj,86,136,0.0,1.581,0.934,0.051,0.0,0.0,0.0,0.015,0.261,0.06,0.037,0.0,0.097,0.679,0.378,0.614,0.709,0.827
Pos: Cam-Reg,83,163,0.0,1.964,0.117,0.417,0.35,0.043,0.0,0.074,0.205,0.033,0.046,0.013,0.086,0.742,0.053,0.368,0.421,0.526
Pos: Obj-Obj,94,395,5.0,4.202,0.932,0.048,0.0,0.003,0.018,0.0,0.208,0.078,0.028,0.005,0.111,0.709,0.38,0.655,0.723,0.883
Pos: Obj-Reg,85,361,0.0,4.247,0.582,0.211,0.161,0.014,0.033,0.0,0.127,0.058,0.011,0.019,0.086,0.795,0.348,0.657,0.857,0.924
Pos: Reg-Reg,81,320,0.0,3.951,0.35,0.306,0.297,0.034,0.012,0.0,0.169,0.066,0.025,0.019,0.1,0.744,0.33,0.527,0.786,0.812
Attr: Measure,64,200,64.0,3.125,0.85,0.025,0.01,0.005,0.11,0.0,0.265,0.085,0.15,0.05,0.26,0.575,0.282,0.635,0.706,0.847
Attr: Appearance,66,156,1.0,2.364,0.865,0.006,0.0,0.0,0.128,0.0,0.205,0.013,0.026,0.077,0.109,0.712,0.067,0.363,0.511,0.719
Motion: Cam,74,31,0.0,0.419,0.29,0.0,0.0,0.0,0.0,0.71,0.111,0.0,0.0,0.0,0.0,0.889,0.444,0.444,0.556,0.556
Motion: Obj,76,171,2.0,2.25,0.825,0.0,0.0,0.0,0.047,0.129,0.141,0.034,0.067,0.04,0.128,0.745,0.312,0.574,0.376,0.674
Multi-step,198,909,8.0,4.591,0.813,0.118,0.011,0.009,0.024,0.025,0.194,0.069,0.041,0.011,0.116,0.713,0.376,0.663,0.74,0.871
