src,Pos: Cam-Cam,Pos: Cam-Obj,Pos: Cam-Reg,Pos: Obj-Obj,Pos: Obj-Reg,Pos: Reg-Reg,Attr: Measure,Attr: Appearance,Motion: Cam,Motion: Obj,Multi-step
Pos: Cam-Cam,0.933,0.002,0.004,0.0,0.0,0.0,0.0,0.0,0.002,0.002,0.056
Pos: Cam-Obj,0.067,0.47,0.23,0.044,0.012,0.028,0.002,0.002,0.007,0.0,0.137
Pos: Cam-Reg,0.053,0.099,0.711,0.002,0.031,0.051,0.0,0.012,0.0,0.0,0.041
Pos: Obj-Obj,0.004,0.119,0.028,0.291,0.174,0.136,0.038,0.053,0.0,0.0,0.155
Pos: Obj-Reg,0.002,0.049,0.106,0.101,0.435,0.219,0.0,0.014,0.0,0.0,0.073
Pos: Reg-Reg,0.0,0.022,0.081,0.049,0.227,0.511,0.002,0.007,0.0,0.0,0.099
Attr: Measure,0.009,0.028,0.019,0.106,0.044,0.059,0.55,0.103,0.0,0.0,0.081
Attr: Appearance,0.018,0.009,0.0,0.012,0.0,0.0,0.015,0.921,0.0,0.0,0.024
Motion: Cam,0.019,0.0,0.0,0.0,0.0,0.0,0.0,0.0,0.965,0.003,0.014
Motion: Obj,0.013,0.018,0.005,0.003,0.0,0.0,0.0,0.013,0.229,0.526,0.192
Multi-step,0.034,0.122,0.094,0.076,0.084,0.083,0.013,0.019,0.029,0.03,0.415
