policy,answer_space,n,accuracy
majority_letter,ego_direction,230,0.2
majority_letter,metric,35,0.2857142857142857
majority_letter,compass,92,0.29347826086956524
majority_letter,axis_sign,11,0.18181818181818182
majority_letter,count,18,0.2777777777777778
majority_letter,statement,15,0.26666666666666666
majority_letter,angle,18,0.2777777777777778
majority_letter,entity,56,0.26785714285714285
majority_letter,order,9,0.3333333333333333
majority_letter,route,16,0.25
longest_option,ego_direction,230,0.27898550724637683
longest_option,metric,35,0.07619047619047618
longest_option,compass,92,0.28623188405797106
longest_option,axis_sign,11,0.25
longest_option,count,18,0.2361111111111111
longest_option,statement,15,0.31666666666666665
longest_option,angle,18,0.25
longest_option,entity,56,0.36458333333333337
longest_option,order,9,0.16666666666666666
longest_option,route,16,0.328125
shortest_option,ego_direction,230,0.22463768115942032
shortest_option,metric,35,0.21428571428571427
shortest_option,compass,92,0.23188405797101447
shortest_option,axis_sign,11,0.25
shortest_option,count,18,0.2546296296296296
shortest_option,statement,15,0.17222222222222222
shortest_option,angle,18,0.25925925925925924
shortest_option,entity,56,0.20982142857142858
shortest_option,order,9,0.4259259259259259
shortest_option,route,16,0.140625
greatest_overlap,ego_direction,230,0.24927536231884057
greatest_overlap,metric,35,0.09285714285714286
greatest_overlap,compass,92,0.20380434782608695
greatest_overlap,axis_sign,11,0.25757575757575757
greatest_overlap,count,18,0.2361111111111111
greatest_overlap,statement,15,0.28888888888888886
greatest_overlap,angle,18,0.32870370370370366
greatest_overlap,entity,56,0.17857142857142858
greatest_overlap,order,9,0.2777777777777778
greatest_overlap,route,16,0.140625
option_content_prior,ego_direction,230,0.3579710144927536
option_content_prior,metric,35,0.38571428571428573
option_content_prior,compass,92,0.22826086956521738
option_content_prior,axis_sign,11,0.5454545454545454
option_content_prior,count,18,0.2222222222222222
option_content_prior,statement,15,0.26666666666666666
option_content_prior,angle,18,0.19444444444444445
option_content_prior,entity,56,0.3720238095238095
option_content_prior,order,9,0.3888888888888889
option_content_prior,route,16,0.14583333333333331
random_after_elimination,ego_direction,230,0.25
random_after_elimination,metric,35,0.3142857142857143
random_after_elimination,compass,92,0.25
random_after_elimination,axis_sign,11,0.25
random_after_elimination,count,18,0.25
random_after_elimination,statement,15,0.25
random_after_elimination,angle,18,0.25
random_after_elimination,entity,56,0.25
random_after_elimination,order,9,0.25
random_after_elimination,route,16,0.25
text_learner,ego_direction,230,0.3173913043478261
text_learner,metric,35,0.2571428571428571
text_learner,compass,92,0.33695652173913043
text_learner,axis_sign,11,0.36363636363636365
text_learner,count,18,0.3333333333333333
text_learner,statement,15,0.4666666666666667
text_learner,angle,18,0.2777777777777778
text_learner,entity,56,0.3392857142857143
text_learner,order,9,0.4444444444444444
text_learner,route,16,0.375
