model,scope,metric,n,value,ci_low,ci_high
Qwen/Qwen2.5-VL-7B-Instruct,all,original_accuracy,1000,0.262,0.235,0.289
Qwen/Qwen2.5-VL-7B-Instruct,all,original_pred_A,1000,0.084,,
Qwen/Qwen2.5-VL-7B-Instruct,all,original_pred_B,1000,0.285,,
Qwen/Qwen2.5-VL-7B-Instruct,all,original_pred_C,1000,0.291,,
Qwen/Qwen2.5-VL-7B-Instruct,all,original_pred_D,1000,0.34,,
Qwen/Qwen2.5-VL-7B-Instruct,all,options_only_accuracy,1000,0.276,0.248,0.304
Qwen/Qwen2.5-VL-7B-Instruct,all,options_only_pred_A,1000,0.029,,
Qwen/Qwen2.5-VL-7B-Instruct,all,options_only_pred_B,1000,0.158,,
Qwen/Qwen2.5-VL-7B-Instruct,all,options_only_pred_C,1000,0.254,,
Qwen/Qwen2.5-VL-7B-Instruct,all,options_only_pred_D,1000,0.559,,
Qwen/Qwen2.5-VL-7B-Instruct,all,circular_rotation_accuracy,1000,0.27675,0.25575,0.298
Qwen/Qwen2.5-VL-7B-Instruct,all,circular_consensus_correct,1000,0.268,0.241,0.295
Qwen/Qwen2.5-VL-7B-Instruct,all,circular_all_correct,1000,0.095,0.077,0.114
Qwen/Qwen2.5-VL-7B-Instruct,all,circular_consistent,1000,0.281,0.254,0.309
Qwen/Qwen2.5-VL-7B-Instruct,confirm,original_accuracy,500,0.258,0.22,0.296
Qwen/Qwen2.5-VL-7B-Instruct,confirm,original_pred_A,500,0.082,,
Qwen/Qwen2.5-VL-7B-Instruct,confirm,original_pred_B,500,0.28,,
Qwen/Qwen2.5-VL-7B-Instruct,confirm,original_pred_C,500,0.304,,
Qwen/Qwen2.5-VL-7B-Instruct,confirm,original_pred_D,500,0.334,,
Qwen/Qwen2.5-VL-7B-Instruct,confirm,options_only_accuracy,500,0.25,0.212,0.288
Qwen/Qwen2.5-VL-7B-Instruct,confirm,options_only_pred_A,500,0.024,,
Qwen/Qwen2.5-VL-7B-Instruct,confirm,options_only_pred_B,500,0.144,,
Qwen/Qwen2.5-VL-7B-Instruct,confirm,options_only_pred_C,500,0.264,,
Qwen/Qwen2.5-VL-7B-Instruct,confirm,options_only_pred_D,500,0.568,,
Qwen/Qwen2.5-VL-7B-Instruct,confirm,circular_rotation_accuracy,500,0.2695,0.2415,0.298
Qwen/Qwen2.5-VL-7B-Instruct,confirm,circular_consensus_correct,500,0.264,0.226,0.304
Qwen/Qwen2.5-VL-7B-Instruct,confirm,circular_all_correct,500,0.082,0.058,0.108
Qwen/Qwen2.5-VL-7B-Instruct,confirm,circular_consistent,500,0.262,0.224,0.302
Qwen/Qwen2.5-VL-7B-Instruct,all,max_input_tokens,5000,265.0,,
