category_en,trace_words,stem_words,duration,n_bridging,bridging_rate,cue_numbered_steps,cue_sequence,cue_conclusion,cue_cross_view,cue_perspective,cue_comparison,cue_motion,n
Pos: Cam-Cam,52.667,28.118,-0.007,2.806,0.957,0.398,0.075,0.527,0.398,0.0,0.28,0.312,93
Pos: Cam-Obj,53.965,22.465,-0.231,2.849,0.988,0.407,0.047,0.651,0.57,0.419,0.256,0.198,86
Pos: Cam-Reg,51.241,25.205,-0.344,2.94,0.88,0.699,0.036,0.675,0.602,0.277,0.157,0.036,83
Pos: Obj-Obj,64.766,24.968,-0.179,2.021,0.851,0.798,0.149,0.798,0.745,0.043,0.191,0.011,94
Pos: Obj-Reg,48.706,23.859,-0.045,1.976,0.906,0.706,0.035,0.482,0.329,0.082,0.212,0.176,85
Pos: Reg-Reg,55.0,24.321,0.196,2.173,0.864,0.444,0.074,0.815,0.617,0.185,0.37,0.012,81
Attr: Measure,47.891,24.703,-0.063,2.297,0.922,0.703,0.062,0.703,0.609,0.016,0.359,0.0,64
Attr: Appearance,28.515,19.909,-0.302,0.682,0.409,0.727,0.061,0.091,0.758,0.0,0.015,0.0,66
Motion: Cam,30.892,16.081,-0.579,2.338,0.959,0.514,0.014,0.419,0.257,0.041,0.446,0.838,74
Motion: Obj,26.039,22.961,-0.261,1.566,0.803,0.5,0.039,0.184,0.224,0.0,0.132,0.711,76
Multi-step,61.354,23.601,0.714,2.364,0.758,0.495,0.268,0.419,0.374,0.222,0.222,0.121,198
