audit_item,id,human_mention_heads,auto_mention_heads,mention_head_overlap,human_bridge,auto_bridge,bridge_overlap
1,174,0,0,0,1,2,1
2,424,0,0,0,3,3,3
3,428,1,1,0,1,2,1
4,673,0,0,0,1,2,1
5,49,1,1,1,2,2,2
6,197,1,1,1,2,3,2
7,329,1,0,0,2,2,2
8,617,2,2,2,3,7,3
9,415,2,2,2,1,2,1
10,521,1,1,1,5,5,4
11,522,2,2,2,3,3,3
12,934,1,1,1,3,3,2
13,475,7,7,7,4,4,3
14,564,2,2,2,3,3,3
15,712,4,3,3,2,2,2
16,807,3,3,3,0,1,0
17,122,5,5,5,0,0,0
18,205,2,2,2,1,3,1
19,311,3,3,3,3,4,1
20,870,4,4,4,1,1,1
21,193,4,4,4,0,0,0
22,307,4,4,4,0,0,0
23,478,3,4,3,1,2,1
24,901,4,4,4,1,2,1
25,282,2,3,1,1,1,1
26,309,2,2,2,2,4,2
27,578,3,2,2,2,4,1
28,876,3,5,1,1,1,1
29,113,1,1,1,0,0,0
30,114,1,2,1,0,0,0
31,214,2,2,2,2,2,2
32,635,1,1,1,0,0,0
33,211,0,2,0,3,4,3
34,244,1,0,0,1,1,1
35,993,1,1,0,2,3,2
36,994,0,0,0,1,3,1
37,81,2,3,2,2,2,2
38,318,1,1,1,1,2,1
39,372,0,0,0,3,4,2
40,550,3,4,3,2,3,2
41,294,1,1,1,4,5,4
42,694,8,8,6,1,3,0
43,697,6,6,6,1,1,1
44,857,3,4,3,4,6,4
